--Usuários
INSERT INTO perfil (nome) VALUES ('ADMIN'), ('VENDEDOR');

-- Marca
INSERT INTO Marca (id, nome)
VALUES (1, 'Toyota'),
       (2, 'Ford'),
       (3, 'Chevrolet'),
       (4, 'Volkswagen'),
       (5, 'Honda'),
       (6, 'Nissan'),
       (7, 'Hyundai'),
       (8, 'BMW');

-- Modelo
INSERT INTO Modelo (id, nome, marca_id)
VALUES (1, 'Corolla', 1),
       (2, 'Hilux', 1),
       (3, 'Ka', 2),
       (4, 'Onix', 3),
       (5, 'Golf', 4),
       (6, 'Passat', 4),
       (7, 'Civic', 5),
       (8, 'CR-V', 5),
       (9, 'Sentra', 6),
       (10, 'Versa', 6),
       (11, 'Elantra', 7),
       (12, 'Tucson', 7),
       (13, '320i', 8),
       (14, 'X5', 8);

-- Cor
INSERT INTO Cor (id, nome)
VALUES (1, 'Preto'),
       (2, 'Branco'),
       (3, 'Prata'),
       (4, 'Vermelho'),
       (5, 'Azul'),
       (6, 'Verde'),
       (7, 'Amarelo'),
       (8, 'Marrom'),
       (9, 'Cinza'),
       (10, 'Roxo');

-- StatusCarro
INSERT INTO status_carro (id, descricao)
VALUES (1, 'Disponível'),
       (2, 'Vendido'),
       (3, 'Reservado'),
       (4, 'Em manutenção'),
       (5, 'Devolvido'),
       (6, 'Em negociação');


-- Vendedor
INSERT INTO Vendedor (id, nome, cpf, telefone, email, data_admissao, data_demissao, senha)
VALUES (1, 'João Silva', '12345678901', '11999990001', 'joao@usacar.com', '2022-01-01', NULL, 'senha123'),
       (2, 'Maria Oliveira', '23456789012', '11999990002', 'maria@usacar.com', '2023-02-15', NULL, 'senha456'),
       (3, 'Carlos Souza', '34567890123', '11999990003', 'carlos@usacar.com', '2021-06-10', '2024-12-31', 'senha789'),
       (4, 'Ana Lima', '45678901234', '11999990004', 'ana@usacar.com', '2020-03-12', NULL, 'senha321'),
       (5, 'Pedro Santos', '56789012345', '11999990005', 'pedro@usacar.com', '2019-11-25', NULL, 'senha654'),
       (6, 'Juliana Rocha', '67890123456', '11999990006', 'juliana@usacar.com', '2023-05-01', NULL, 'senha987'),
       (7, 'Lucas Mendes', '78901234567', '11999990007', 'lucas@usacar.com', '2022-08-20', NULL, 'senha111'),
       (8, 'Fernanda Lima', '89012345678', '11999990008', 'fernanda@usacar.com', '2021-04-07', '2023-10-30',
        'senha222'),
       (9, 'Ricardo Martins', '90123456789', '11999990009', 'ricardo@usacar.com', '2020-07-15', NULL, 'senha333'),
       (10, 'Patrícia Gomes', '01234567890', '11999990010', 'patricia@usacar.com', '2018-09-01', NULL, 'senha444'),
       (11, 'Bruno Alves', '11223344556', '11999990011', 'bruno@usacar.com', '2019-10-10', NULL, 'senha555'),
       (12, 'Camila Duarte', '22334455667', '11999990012', 'camila@usacar.com', '2020-12-05', NULL, 'senha666'),
       (13, 'Rafael Ferreira', '33445566778', '11999990013', 'rafael@usacar.com', '2021-11-20', '2023-12-01',
        'senha777'),
       (14, 'Isabela Costa', '44556677889', '11999990014', 'isabela@usacar.com', '2023-01-18', NULL, 'senha888'),
       (15, 'Thiago Ramos', '55667788990', '11999990015', 'thiago@usacar.com', '2022-03-03', NULL, 'senha999'),
       (16, 'Larissa Pires', '66778899001', '11999990016', 'larissa@usacar.com', '2020-06-16', NULL, 'senha000'),
       (17, 'Diego Barbosa', '77889900112', '11999990017', 'diego@usacar.com', '2019-04-28', NULL, 'senha101'),
       (18, 'Aline Monteiro', '88990011223', '11999990018', 'aline@usacar.com', '2021-09-19', '2022-12-31', 'senha202'),
       (19, 'Eduardo Nascimento', '99001122334', '11999990019', 'eduardo@usacar.com', '2023-07-07', NULL, 'senha303'),
       (20, 'Tatiane Ribeiro', '10111213141', '11999990020', 'tatiane@usacar.com', '2022-10-22', NULL, 'senha404');

-- Cliente
INSERT INTO Cliente (id, nome, cpf, telefone, email, data_cadastro)
VALUES (1, 'Ana Sophia Araújo', '43815092698', '+55 (051) 0', 'cdas-neves@almeida.com', '2025-01-18'),
       (2, 'Heloísa Freitas', '23506871986', '0500-407-81', 'isabelly31@gmail.com', '2024-12-20'),
       (3, 'Vitor Gonçalves', '13982650712', '11 3419 283', 'ofogaca@ig.com.br', '2024-09-30'),
       (4, 'Rodrigo Martins', '03962857400', '0300 537 67', 'pietrateixeira@pereira.br', '2024-05-02'),
       (5, 'Daniel Silva', '71069842303', '0300-166-97', 'teixeiraraquel@mendes.com', '2024-03-10'),
       (6, 'Bruna Ramos', '04289715397', '+55 (031) 8', 'lucca03@bol.com.br', '2023-09-25'),
       (7, 'Thomas Rodrigues', '18295364782', '+55 11 8346', 'levicampos@aragao.net', '2024-10-25'),
       (8, 'Alexandre Cardoso', '03192678577', '+55 11 8299', 'castromarcela@moraes.br', '2024-06-09'),
       (9, 'Sabrina Barros', '10652894720', '61 7262-473', 'barrosmaite@bol.com.br', '2025-05-05'),
       (10, 'Bryan Duarte', '26731804517', '+55 (011) 6', 'leandro09@lopes.com', '2024-10-22'),
       (11, 'Lívia Souza', '20167849387', '71 1939 909', 'luiz-henrique35@hotmail.com', '2024-02-17'),
       (12, 'Ana Jesus', '75103468271', '21 4251-354', 'larissa80@ig.com.br', '2025-04-20'),
       (13, 'Fernanda Cavalcanti', '24105873997', '0500-353-48', 'pereiramarcos-vinicius@almeida.com', '2024-12-02'),
       (14, 'Davi Lucca Pires', '86079154366', '(021) 2045-', 'stella86@duarte.br', '2023-08-14'),
       (15, 'Vicente Melo', '63415087948', '+55 21 3754', 'matheus14@yahoo.com.br', '2024-12-05'),
       (16, 'Juliana Teixeira', '50127468307', '0300-655-69', 'luiz-gustavobarbosa@ig.com.br', '2024-06-28'),
       (17, 'Luiz Henrique Teixeira', '35608249747', '(031) 8465 ', 'rnascimento@jesus.com', '2024-03-18'),
       (18, 'Emanuel Pinto', '95736182068', '+55 21 4895', 'benjaminbarbosa@ribeiro.br', '2025-06-13'),
       (19, 'Maria Julia da Mota', '67918045300', '+55 (051) 8', 'rebeca79@ig.com.br', '2025-06-18'),
       (20, 'Lara Vieira', '72938156464', '+55 41 4714', 'heitordias@da.net', '2023-09-14'),
       (21, 'Júlia Melo', '87601342913', '0500 670 54', 'rdas-neves@rodrigues.com', '2024-05-23'),
       (22, 'Dr. Thiago da Cunha', '72034596161', '+55 84 7204', 'sabrina64@uol.com.br', '2024-02-07'),
       (23, 'Lucas Aragão', '80517943204', '+55 (081) 0', 'xfernandes@da.com', '2025-03-21'),
       (24, 'Henrique Cavalcanti', '90475362829', '+55 11 9314', 'emoura@bol.com.br', '2024-12-10'),
       (25, 'Sr. Kaique Rodrigues', '16573980484', '0800-877-69', 'freitasana-sophia@rezende.com', '2024-08-13'),
       (26, 'Sr. Luigi da Rosa', '54928607392', '+55 21 3678', 'goncalvesleonardo@farias.org', '2024-12-23'),
       (27, 'Isadora Ribeiro', '89537421619', '+55 81 4431', 'leandrorocha@souza.org', '2023-10-12'),
       (28, 'Gustavo Dias', '52409713661', '+55 (071) 8', 'vpires@hotmail.com', '2023-09-04'),
       (29, 'Lucca Correia', '16704895310', '+55 21 3186', 'tpires@bol.com.br', '2024-06-23'),
       (30, 'Miguel Caldeira', '91358207488', '+55 (051) 8', 'diasmurilo@ig.com.br', '2024-03-01'),
       (31, 'Sra. Ana Julia Dias', '43609158700', '+55 11 0249', 'mariana64@bol.com.br', '2024-09-17'),
       (32, 'Laura Cardoso', '90652478310', '+55 31 9904', 'joao-guilherme96@ig.com.br', '2025-04-18'),
       (33, 'Ana Laura Ribeiro', '56927013830', '11 4680-715', 'nuneseduarda@gmail.com', '2024-12-18'),
       (34, 'Letícia Oliveira', '03548796184', '81 2477-109', 'gabrielly08@carvalho.net', '2025-05-09'),
       (35, 'Lucas Gabriel Costa', '27485931628', '+55 51 7826', 'sophia65@almeida.org', '2025-02-09'),
       (36, 'Nicolas Rodrigues', '27896431564', '+55 (071) 3', 'fda-costa@gmail.com', '2023-11-01'),
       (37, 'Maria Sophia Melo', '17943085639', '+55 11 7459', 'leticia78@gmail.com', '2024-11-16'),
       (38, 'Erick Gomes', '31605794848', '+55 (041) 0', 'kda-mata@cardoso.net', '2024-08-15'),
       (39, 'Bianca Dias', '74925031805', '+55 11 7594', 'grocha@nascimento.org', '2025-01-19'),
       (40, 'Anthony Novaes', '40895327104', '+55 21 3942', 'nicole21@martins.br', '2023-12-09'),
       (41, 'Cauê Viana', '58461239709', '+55 61 7123', 'ferreiraesther@gmail.com', '2024-07-13'),
       (42, 'Dr. Nathan Nascimento', '51370426925', '+55 (084) 7', 'castrolucas@bol.com.br', '2023-11-08'),
       (43, 'Laís Moura', '86235097140', '+55 84 0537', 'caua64@hotmail.com', '2023-10-29'),
       (44, 'Ana Laura da Rosa', '90862145767', '+55 (084) 8', 'gustavo28@da.com', '2024-12-20'),
       (45, 'Cauê Alves', '53901268740', '51 1177 589', 'laurabarbosa@ig.com.br', '2025-03-25'),
       (46, 'Manuela Jesus', '70836591259', '+55 11 1592', 'ssouza@uol.com.br', '2024-08-21'),
       (47, 'Larissa Castro', '18376954237', '71 6156 545', 'carvalhodavi-luiz@gmail.com', '2024-06-25'),
       (48, 'Vinicius Moura', '28046593729', '81 5604 945', 'marcelarocha@cavalcanti.br', '2023-10-23'),
       (49, 'Murilo das Neves', '68045273135', '(041) 5502 ', 'carvalhorafaela@nascimento.br', '2023-11-25'),
       (50, 'Dr. Thiago Martins', '91086472322', '+55 81 7679', 'ana-julia14@souza.org', '2023-08-30'),
       (51, 'João Vitor Caldeira', '03416275934', '+55 (011) 7', 'novaesolivia@gmail.com', '2024-06-29'),
       (52, 'Lorenzo Cardoso', '56897320102', '+55 (031) 5', 'hnunes@novaes.br', '2024-01-14'),
       (53, 'Sr. Breno Silva', '18362590424', '+55 (011) 4', 'omartins@yahoo.com.br', '2023-11-20'),
       (54, 'Ana Clara Ribeiro', '74890251685', '(041) 0054-', 'yvieira@ig.com.br', '2025-06-21'),
       (55, 'Levi da Mota', '57203689492', '21 2037-788', 'vinicius46@mendes.com', '2025-03-30'),
       (56, 'Melissa Melo', '15948327060', '(071) 1925 ', 'helena65@souza.br', '2024-08-24'),
       (57, 'Sr. João Guilherme Lima', '23568140942', '+55 11 4188', 'kda-costa@da.br', '2024-05-04'),
       (58, 'Rebeca Duarte', '74918625002', '31 9774 688', 'kamillycunha@barros.br', '2025-06-04'),
       (59, 'Sr. Theo Silveira', '14967238050', '(021) 1375-', 'vitorcardoso@yahoo.com.br', '2024-01-16'),
       (60, 'Ian Castro', '52807319432', '(041) 9010-', 'gomeslucas@yahoo.com.br', '2023-10-28'),
       (61, 'Erick Peixoto', '97103462534', '+55 (011) 4', 'souzathiago@souza.com', '2024-05-24'),
       (62, 'Amanda Nogueira', '54027618920', '0800 520 58', 'zda-mata@hotmail.com', '2023-09-13'),
       (63, 'Sra. Alícia Gonçalves', '30982574150', '+55 61 0345', 'vnunes@uol.com.br', '2025-06-20'),
       (64, 'Heloísa da Mata', '79564208149', '+55 21 6928', 'paulo79@ig.com.br', '2024-06-21'),
       (65, 'Ryan Pires', '57092431832', '+55 11 6582', 'danielduarte@moreira.br', '2024-10-08'),
       (66, 'Otávio da Costa', '75830412608', '61 5431 027', 'ferreirasophie@yahoo.com.br', '2025-01-23'),
       (67, 'Clara Gomes', '73190862478', '+55 31 5518', 'daniela31@cunha.com', '2024-05-01'),
       (68, 'Maria Julia Moura', '78240591388', '51 6691 251', 'fernando89@hotmail.com', '2025-03-13'),
       (69, 'Leandro Santos', '01278563903', '(084) 8414 ', 'santosluna@hotmail.com', '2024-10-27'),
       (70, 'Brenda da Cunha', '95067842130', '+55 (084) 9', 'maria-luizanunes@yahoo.com.br', '2024-07-12'),
       (71, 'Ryan Caldeira', '27638195086', '(051) 5562 ', 'biancacosta@yahoo.com.br', '2024-07-09'),
       (72, 'Danilo Castro', '04678319557', '0500 532 78', 'faragao@uol.com.br', '2024-08-21'),
       (73, 'Eduarda da Rosa', '95072341607', '+55 51 6245', 'thiagovieira@cardoso.br', '2024-08-20'),
       (74, 'Sophie Vieira', '41203795823', '+55 (011) 3', 'bruna87@silva.br', '2023-11-29'),
       (75, 'Mariana Jesus', '95784230123', '(071) 1694 ', 'rochajoaquim@da.net', '2023-08-19'),
       (76, 'Pietra Correia', '30729156877', '81 8970 283', 'ysouza@yahoo.com.br', '2023-12-07'),
       (77, 'Maria Alice Mendes', '85473169228', '+55 21 4437', 'felipe98@uol.com.br', '2025-06-21'),
       (78, 'Isabel da Conceição', '40958237123', '(081) 3384-', 'caiosouza@dias.br', '2024-04-07'),
       (79, 'Sra. Ana Luiza Cunha', '08235647974', '(011) 5401 ', 'cda-luz@sales.com', '2025-07-22'),
       (80, 'Sra. Alícia Alves', '41523970804', '+55 81 3152', 'isabel32@bol.com.br', '2025-05-21'),
       (81, 'Juliana Pereira', '85139074648', '(061) 3046 ', 'ferreiramanuela@yahoo.com.br', '2025-01-14'),
       (82, 'Benício Costa', '74235896083', '(021) 5933 ', 'evieira@bol.com.br', '2025-04-09'),
       (83, 'Clara Farias', '91745206361', '+55 (081) 8', 'da-rochamelissa@bol.com.br', '2024-08-08'),
       (84, 'Luiz Gustavo Porto', '07243598188', '(041) 0640 ', 'mariana18@gmail.com', '2025-07-21'),
       (85, 'Lucas Azevedo', '46281375955', '41 6182 512', 'nataliadas-neves@gmail.com', '2025-03-04'),
       (86, 'Heitor Rezende', '86971534093', '+55 84 3106', 'azevedoana-livia@farias.com', '2024-06-02'),
       (87, 'Daniela Viana', '30247159670', '+55 41 4283', 'dsales@nascimento.br', '2025-01-17'),
       (88, 'Júlia da Costa', '46289310542', '+55 (011) 7', 'luiz-gustavoda-rocha@yahoo.com.br', '2024-12-09'),
       (89, 'Levi Moura', '18302764507', '0900 837 35', 'oliviacosta@farias.net', '2024-05-29'),
       (90, 'Marcos Vinicius Martins', '46795281337', '31 7717-535', 'das-nevesolivia@hotmail.com', '2023-08-07'),
       (91, 'Marcos Vinicius Peixoto', '42381759646', '+55 61 7772', 'evelyncaldeira@bol.com.br', '2023-08-21'),
       (92, 'Raul Barros', '06285197377', '+55 (021) 3', 'almeidaemilly@bol.com.br', '2024-06-09'),
       (93, 'Anthony Souza', '48907316287', '51 2339 845', 'mouraalexia@uol.com.br', '2024-10-07'),
       (94, 'Samuel das Neves', '41073592804', '+55 (081) 0', 'kevinribeiro@barbosa.com', '2025-01-07'),
       (95, 'Marcelo Azevedo', '25014637817', '+55 (031) 9', 'calebe16@cardoso.br', '2025-03-18'),
       (96, 'Sr. Pedro Miguel Fogaça', '79324850105', '+55 21 9431', 'xlopes@carvalho.org', '2024-07-05'),
       (97, 'Dr. Calebe Costela', '12634570880', '+55 31 5819', 'xnogueira@gmail.com', '2025-02-08'),
       (98, 'Elisa Silveira', '26917548049', '+55 (084) 2', 'milenasales@bol.com.br', '2024-11-16'),
       (99, 'Lorenzo Cavalcanti', '24039861515', '(071) 6924 ', 'agathalopes@yahoo.com.br', '2025-02-16'),
       (100, 'Dra. Luiza Farias', '56483207956', '0900 828 07', 'oliveiramaria-eduarda@uol.com.br', '2023-11-11');
-- Carro
INSERT INTO Carro (id, ano_fabricacao, ano_modelo, placa, quilometragem, preco_compra, data_cadastro, modelo_id, cor_id,
                   status_id)
VALUES (1, 2024, 2024, 'ALZ3399', 7786, 81306, '2025-01-05', 1, 5, 2),
       (2, 2024, 2025, 'NQY8514', 9664, 58954, '2023-10-01', 4, 1, 2),
       (3, 2019, 2020, 'OMS9215', 38178, 43531, '2024-07-17', 2, 2, 2),
       (4, 2020, 2020, 'BYQ9891', 40460, 87234, '2025-04-14', 10, 4, 2),
       (5, 2022, 2023, 'QDE4603', 28951, 36360, '2025-07-11', 10, 4, 2),
       (6, 2018, 2019, 'NRS5431', 62673, 36664, '2023-12-10', 3, 2, 2),
       (7, 2020, 2021, 'EMV3228', 45535, 90653, '2024-11-20', 3, 5, 2),
       (8, 2021, 2021, 'NVM4595', 64521, 92522, '2024-12-12', 8, 3, 2),
       (9, 2020, 2020, 'IGL1232', 47984, 110123, '2025-05-19', 3, 5, 2),
       (10, 2024, 2025, 'ZRV7122', 72467, 56513, '2025-03-11', 9, 3, 2),
       (11, 2021, 2022, 'TUO5573', 19217, 65312, '2024-11-28', 4, 3, 2),
       (12, 2023, 2024, 'PFJ7368', 39736, 100969, '2025-03-09', 3, 4, 2),
       (13, 2022, 2023, 'VJT9527', 7977, 76376, '2025-06-15', 7, 3, 2),
       (14, 2023, 2024, 'YBK1383', 59130, 86606, '2025-05-09', 1, 5, 2),
       (15, 2020, 2020, 'NNZ0980', 27198, 90489, '2024-01-12', 6, 5, 2),
       (16, 2019, 2019, 'OYT5529', 9416, 97846, '2024-12-21', 10, 3, 2),
       (17, 2018, 2018, 'FSS4524', 54573, 53509, '2024-01-02', 6, 4, 2),
       (18, 2024, 2024, 'YJR7419', 51454, 118814, '2024-01-12', 9, 5, 2),
       (19, 2022, 2023, 'BHK7665', 46158, 109877, '2024-04-20', 4, 2, 2),
       (20, 2019, 2019, 'QHX2801', 19523, 71168, '2023-11-26', 3, 4, 2),
       (21, 2020, 2021, 'RXY8267', 32637, 60172, '2025-07-08', 10, 1, 2),
       (22, 2023, 2024, 'PMX1770', 37456, 95386, '2024-05-30', 2, 2, 2),
       (23, 2023, 2023, 'XLF7429', 33400, 35519, '2024-08-31', 7, 2, 2),
       (24, 2018, 2019, 'JUI6505', 34215, 81364, '2024-12-16', 6, 3, 2),
       (25, 2018, 2019, 'LVS9863', 51770, 63764, '2024-03-11', 7, 5, 2),
       (26, 2018, 2019, 'GHY5593', 38025, 93432, '2024-05-17', 1, 1, 2),
       (27, 2018, 2019, 'XSY8658', 25809, 85974, '2025-06-28', 8, 1, 2),
       (28, 2020, 2021, 'IFJ8510', 66303, 112651, '2023-08-16', 7, 3, 2),
       (29, 2022, 2023, 'OTT9663', 9631, 95319, '2023-12-02', 7, 4, 2),
       (30, 2019, 2020, 'LTL1364', 37638, 35009, '2023-11-25', 7, 5, 2),
       (31, 2024, 2024, 'IND4957', 63194, 98969, '2025-01-10', 6, 1, 2),
       (32, 2024, 2025, 'EKM2744', 59558, 114534, '2024-12-21', 10, 3, 2),
       (33, 2020, 2020, 'DEM7112', 6374, 97473, '2023-11-27', 8, 4, 2),
       (34, 2024, 2025, 'ZRD5784', 39651, 46498, '2023-09-03', 4, 4, 2),
       (35, 2022, 2022, 'SAH0931', 77759, 77318, '2024-10-15', 9, 3, 2),
       (36, 2019, 2020, 'NVI9394', 42337, 103303, '2025-03-31', 4, 1, 2),
       (37, 2019, 2020, 'WTF6862', 40671, 84437, '2023-12-04', 4, 4, 2),
       (38, 2024, 2025, 'UXK8632', 21006, 109961, '2024-03-30', 3, 5, 2),
       (39, 2021, 2022, 'IEX5977', 48392, 58422, '2024-01-18', 9, 1, 2),
       (40, 2021, 2022, 'MJT3877', 75333, 104782, '2024-12-03', 4, 3, 2),
       (41, 2018, 2019, 'BIH4909', 58171, 79277, '2024-06-18', 10, 4, 2),
       (42, 2024, 2025, 'ILR8147', 53442, 32147, '2025-07-07', 7, 2, 2),
       (43, 2020, 2020, 'DVN3753', 17907, 32260, '2024-07-26', 6, 5, 2),
       (44, 2023, 2024, 'DEU1477', 61813, 64722, '2024-10-24', 6, 4, 2),
       (45, 2024, 2025, 'GAO1437', 41612, 94404, '2023-11-23', 3, 4, 2),
       (46, 2023, 2024, 'IYS5958', 79378, 102381, '2024-03-06', 6, 5, 2),
       (47, 2023, 2023, 'PWA8551', 45286, 47281, '2023-09-28', 3, 3, 2),
       (48, 2023, 2024, 'SAD9008', 69786, 59694, '2024-06-24', 2, 3, 2),
       (49, 2020, 2021, 'NMK8942', 37488, 118696, '2024-09-07', 8, 5, 2),
       (50, 2018, 2018, 'MHS4596', 35895, 79337, '2024-06-25', 10, 1, 2),
       (51, 2020, 2021, 'DIJ2967', 72580, 91987, '2025-04-24', 9, 1, 2),
       (52, 2022, 2022, 'BOS8356', 69570, 30175, '2023-08-30', 5, 2, 2),
       (53, 2021, 2022, 'HBY1614', 21415, 40212, '2025-05-16', 3, 4, 2),
       (54, 2021, 2022, 'BEA0820', 56360, 88429, '2024-01-29', 8, 3, 2),
       (55, 2021, 2021, 'KFT7795', 38657, 43305, '2023-10-09', 10, 2, 2),
       (56, 2020, 2021, 'DFZ6807', 6674, 84387, '2024-05-30', 5, 3, 2),
       (57, 2019, 2020, 'WFT1452', 49943, 64282, '2024-09-15', 7, 4, 2),
       (58, 2022, 2023, 'SKX7164', 72789, 112334, '2024-01-20', 3, 3, 2),
       (59, 2024, 2025, 'CVZ7985', 19967, 76489, '2023-08-15', 9, 4, 2),
       (60, 2021, 2021, 'WBY4139', 73275, 68662, '2025-04-02', 10, 2, 2),
       (61, 2022, 2023, 'UAS3864', 44172, 41867, '2024-07-13', 8, 3, 2),
       (62, 2022, 2023, 'XMQ0279', 79230, 90253, '2024-04-22', 8, 1, 2),
       (63, 2023, 2024, 'MDT0880', 7588, 117920, '2025-07-10', 7, 3, 2),
       (64, 2023, 2024, 'VWA6535', 8737, 89357, '2023-10-13', 6, 5, 2),
       (65, 2018, 2019, 'PKT8571', 10474, 118429, '2024-05-06', 5, 2, 2),
       (66, 2019, 2020, 'XEW0502', 68882, 66397, '2025-01-25', 9, 3, 2),
       (67, 2018, 2018, 'FEJ0084', 33202, 52953, '2025-03-09', 8, 3, 2),
       (68, 2022, 2022, 'IFI0591', 31818, 42599, '2024-05-10', 7, 5, 2),
       (69, 2022, 2023, 'KXU6128', 6749, 118030, '2025-07-03', 3, 2, 2),
       (70, 2021, 2022, 'UCX7077', 75215, 44902, '2024-05-07', 4, 1, 2),
       (71, 2021, 2022, 'KER4489', 59792, 92212, '2025-01-17', 9, 1, 2),
       (72, 2021, 2021, 'JPE0372', 27057, 102162, '2024-04-10', 9, 4, 2),
       (73, 2019, 2019, 'LBA3224', 33237, 71617, '2024-03-08', 9, 2, 2),
       (74, 2024, 2024, 'TGC1452', 18660, 56818, '2024-06-08', 3, 4, 2),
       (75, 2018, 2018, 'RTJ1546', 39650, 61983, '2023-09-17', 3, 3, 2),
       (76, 2018, 2019, 'EGV2358', 54815, 77647, '2023-11-10', 9, 4, 2),
       (77, 2023, 2024, 'DKO1439', 13770, 86530, '2023-12-20', 1, 2, 2),
       (78, 2020, 2020, 'IFJ2553', 52612, 59966, '2024-08-01', 5, 5, 2),
       (79, 2024, 2025, 'RWJ1154', 64316, 37811, '2024-08-12', 5, 4, 2),
       (80, 2024, 2025, 'DQU2163', 67933, 83097, '2023-09-16', 2, 4, 2),
       (81, 2023, 2024, 'ARE9793', 49628, 113249, '2023-10-10', 2, 2, 2),
       (82, 2024, 2025, 'SKN7707', 68551, 93949, '2024-06-05', 5, 5, 2),
       (83, 2024, 2024, 'LSB4251', 38213, 108667, '2025-04-17', 1, 1, 2),
       (84, 2024, 2025, 'SIE3064', 33769, 32448, '2024-03-14', 2, 1, 2),
       (85, 2018, 2019, 'RBJ2475', 23049, 49069, '2023-09-11', 9, 4, 2),
       (86, 2019, 2019, 'LCP9252', 75080, 83426, '2025-05-27', 1, 4, 2),
       (87, 2019, 2020, 'JMH4993', 32356, 92665, '2024-04-04', 1, 2, 2),
       (88, 2023, 2024, 'YUY7822', 50321, 44419, '2024-07-07', 6, 1, 2),
       (89, 2023, 2024, 'EOA5440', 35070, 46506, '2023-10-29', 6, 2, 2),
       (90, 2019, 2020, 'HZH1536', 12804, 64265, '2024-08-07', 10, 2, 2),
       (91, 2019, 2020, 'DQP5341', 62046, 49990, '2025-04-11', 7, 4, 2),
       (92, 2022, 2022, 'TVC0715', 39889, 37982, '2023-10-02', 4, 3, 2),
       (93, 2019, 2019, 'XQI8622', 12778, 113552, '2024-06-24', 7, 5, 2),
       (94, 2020, 2021, 'SQB1286', 33177, 84843, '2024-02-24', 3, 3, 2),
       (95, 2023, 2023, 'UNX2990', 14360, 100888, '2025-07-21', 4, 5, 2),
       (96, 2021, 2022, 'ZVP8261', 59648, 87607, '2025-02-07', 8, 4, 2),
       (97, 2023, 2024, 'CNI0225', 78245, 30134, '2024-01-06', 4, 5, 2),
       (98, 2018, 2019, 'JFK9263', 43765, 43112, '2023-11-29', 3, 5, 2),
       (99, 2024, 2025, 'UDD8922', 14509, 79200, '2024-06-30', 7, 2, 2),
       (100, 2019, 2020, 'SNR1458', 14112, 56341, '2024-08-17', 7, 3, 2),
       (101, 2020, 2021, 'WHR8717', 65449, 84245, '2024-05-08', 1, 4, 2),
       (102, 2024, 2025, 'VME7925', 37481, 44699, '2024-01-30', 5, 3, 2),
       (103, 2022, 2022, 'RYO9212', 73024, 55167, '2023-11-15', 7, 4, 2),
       (104, 2023, 2024, 'SOX7103', 22324, 92478, '2024-07-24', 10, 5, 2),
       (105, 2018, 2019, 'DFC7621', 16051, 44105, '2024-02-11', 1, 3, 2),
       (106, 2020, 2021, 'BRT3891', 10925, 106724, '2025-06-24', 10, 1, 2),
       (107, 2018, 2019, 'MAT1409', 60487, 96904, '2024-10-30', 7, 3, 2),
       (108, 2023, 2024, 'IOD3266', 61048, 34793, '2023-12-22', 3, 5, 2),
       (109, 2020, 2021, 'VFY4195', 37765, 80872, '2024-08-24', 8, 4, 2),
       (110, 2021, 2022, 'KFO0295', 44270, 104491, '2025-06-21', 4, 5, 2),
       (111, 2018, 2019, 'EDF1766', 54364, 73508, '2024-04-15', 6, 2, 2),
       (112, 2018, 2019, 'FNS6633', 25488, 78745, '2025-02-27', 9, 1, 2),
       (113, 2018, 2019, 'EOF9518', 47225, 103391, '2023-09-29', 4, 2, 2),
       (114, 2023, 2023, 'EYD0831', 49705, 96862, '2024-11-25', 6, 5, 2),
       (115, 2021, 2022, 'JEY3040', 29280, 104800, '2025-04-16', 2, 4, 2),
       (116, 2020, 2020, 'KKH0614', 38752, 36039, '2023-12-11', 9, 3, 2),
       (117, 2018, 2019, 'PMH1481', 56820, 98923, '2024-04-27', 3, 2, 2),
       (118, 2019, 2019, 'LKC8620', 36546, 40142, '2024-02-07', 1, 1, 2),
       (119, 2019, 2020, 'SME1793', 60437, 115179, '2025-03-02', 6, 2, 2),
       (120, 2018, 2019, 'NXK4327', 71059, 61500, '2024-05-19', 9, 5, 2),
       (121, 2024, 2024, 'ZVD0591', 18088, 82317, '2023-12-15', 8, 4, 2),
       (122, 2019, 2020, 'LNG8228', 73208, 97228, '2023-12-04', 5, 3, 2),
       (123, 2022, 2022, 'JZS0183', 5788, 57034, '2023-09-15', 3, 4, 2),
       (124, 2024, 2024, 'SIY3128', 73734, 112752, '2023-10-06', 4, 1, 2),
       (125, 2022, 2023, 'UGB1898', 51326, 38090, '2023-11-29', 8, 4, 2),
       (126, 2018, 2018, 'UHI6264', 43281, 72495, '2023-11-08', 9, 2, 2),
       (127, 2024, 2025, 'YVO5451', 9377, 52777, '2023-07-29', 4, 1, 2),
       (128, 2022, 2023, 'FFS1957', 21750, 44882, '2023-10-09', 9, 5, 2),
       (129, 2023, 2024, 'AWP2543', 70965, 47250, '2024-03-08', 4, 5, 2),
       (130, 2018, 2019, 'SLM4675', 12445, 106094, '2024-12-23', 1, 5, 2),
       (131, 2021, 2021, 'JIO6617', 49081, 69518, '2023-12-02', 8, 1, 2),
       (132, 2022, 2022, 'ECH2241', 19454, 72791, '2024-07-26', 4, 1, 2),
       (133, 2018, 2018, 'HIO1625', 67252, 61409, '2024-04-17', 6, 2, 2),
       (134, 2024, 2024, 'PFN0060', 54430, 48603, '2024-01-29', 6, 2, 2),
       (135, 2023, 2024, 'KGU4295', 21796, 65397, '2023-11-06', 10, 3, 2),
       (136, 2024, 2025, 'DRN2342', 79201, 104560, '2024-11-19', 8, 2, 2),
       (137, 2021, 2021, 'FJP8820', 26428, 63379, '2023-08-16', 8, 5, 2),
       (138, 2018, 2019, 'RYY1152', 75799, 72050, '2024-08-18', 10, 1, 2),
       (139, 2023, 2024, 'JOE9534', 77173, 80957, '2024-05-31', 8, 3, 2),
       (140, 2022, 2023, 'PRO1431', 7080, 65727, '2025-04-05', 1, 1, 2),
       (141, 2022, 2023, 'ETW9912', 73246, 59662, '2025-01-12', 10, 1, 2),
       (142, 2019, 2020, 'AJY0383', 20444, 52173, '2024-12-05', 3, 4, 2),
       (143, 2018, 2019, 'WPU2203', 37701, 41718, '2024-05-29', 9, 3, 2),
       (144, 2019, 2020, 'HLX8516', 19184, 92146, '2024-12-09', 8, 1, 2),
       (145, 2019, 2019, 'BBO7233', 59927, 31694, '2025-04-02', 5, 3, 2),
       (146, 2018, 2019, 'EHZ8249', 47693, 94401, '2025-06-01', 1, 1, 2),
       (147, 2019, 2020, 'VJC8562', 47348, 89299, '2023-09-17', 6, 5, 2),
       (148, 2018, 2019, 'CDC6064', 73745, 33453, '2024-02-01', 8, 5, 2),
       (149, 2024, 2025, 'NKW5665', 76468, 112289, '2024-10-31', 1, 4, 2),
       (150, 2023, 2023, 'UOA7767', 60185, 96333, '2024-07-05', 5, 2, 2),
       (151, 2024, 2025, 'XVA3899', 61995, 43780, '2024-10-17', 9, 5, 2),
       (152, 2019, 2020, 'DVQ4444', 68116, 30640, '2024-09-26', 6, 4, 2),
       (153, 2024, 2025, 'APK4163', 65986, 119024, '2023-12-14', 7, 5, 2),
       (154, 2022, 2023, 'YDP8753', 21808, 69524, '2023-09-16', 5, 1, 2),
       (155, 2018, 2019, 'TKW4222', 7382, 74481, '2024-02-29', 6, 1, 2),
       (156, 2024, 2025, 'CEG7556', 27865, 103805, '2024-07-06', 3, 3, 2),
       (157, 2022, 2022, 'GZU5136', 68671, 45011, '2024-12-10', 2, 5, 2),
       (158, 2023, 2024, 'LLD9615', 26664, 78867, '2025-04-20', 8, 1, 2),
       (159, 2020, 2021, 'NAG9805', 8153, 35531, '2023-12-20', 5, 2, 2),
       (160, 2022, 2023, 'SWE1702', 52508, 76128, '2024-10-18', 10, 4, 2),
       (161, 2022, 2023, 'DJK1366', 71321, 105985, '2023-10-29', 9, 3, 2),
       (162, 2021, 2022, 'SFP8365', 52317, 31351, '2024-12-12', 6, 1, 2),
       (163, 2020, 2021, 'ZWQ2817', 33750, 72159, '2023-10-24', 5, 5, 2),
       (164, 2023, 2024, 'LMY9610', 79663, 105814, '2023-08-03', 3, 3, 2),
       (165, 2023, 2023, 'CRQ7950', 22359, 116120, '2024-02-09', 6, 3, 2),
       (166, 2021, 2022, 'GCR8211', 20993, 40183, '2023-08-08', 7, 2, 2),
       (167, 2021, 2021, 'EKJ7456', 45884, 106632, '2023-12-02', 8, 5, 2),
       (168, 2021, 2022, 'BEN2445', 44586, 37591, '2024-01-08', 6, 5, 2),
       (169, 2019, 2020, 'RWG2087', 75806, 91314, '2025-02-27', 5, 1, 2),
       (170, 2018, 2018, 'MUH7572', 8306, 74314, '2025-06-09', 5, 1, 2),
       (171, 2024, 2025, 'GFY3108', 21981, 113433, '2024-02-03', 4, 5, 2),
       (172, 2023, 2024, 'PKH4530', 79941, 88420, '2025-02-27', 8, 5, 2),
       (173, 2021, 2022, 'PLB3361', 53589, 74035, '2024-07-19', 5, 4, 2),
       (174, 2018, 2019, 'AND6507', 77648, 65754, '2025-02-20', 3, 1, 2),
       (175, 2022, 2023, 'LWN1646', 49145, 94035, '2025-04-06', 2, 4, 2),
       (176, 2023, 2024, 'NVH9176', 20750, 37125, '2024-01-11', 6, 4, 2),
       (177, 2022, 2023, 'TRH0176', 38077, 61448, '2024-03-08', 4, 4, 2),
       (178, 2018, 2018, 'CTG2179', 61711, 102856, '2024-06-26', 5, 2, 2),
       (179, 2020, 2021, 'OQW7261', 64912, 43788, '2023-11-06', 8, 2, 2),
       (180, 2018, 2019, 'QQL5552', 63410, 98034, '2024-12-14', 5, 1, 2),
       (181, 2023, 2023, 'BLT0889', 54180, 52200, '2023-11-07', 8, 2, 2),
       (182, 2020, 2021, 'RCJ1026', 40102, 43798, '2025-06-04', 6, 4, 2),
       (183, 2023, 2024, 'JCS3574', 27532, 73561, '2025-05-10', 10, 3, 2),
       (184, 2019, 2020, 'QOS2369', 76459, 84050, '2024-03-06', 6, 1, 2),
       (185, 2022, 2023, 'QLD7869', 39917, 84679, '2025-06-27', 6, 4, 2),
       (186, 2020, 2021, 'YGX9336', 35280, 81450, '2024-05-31', 7, 2, 2),
       (187, 2018, 2018, 'KIK5176', 71092, 99217, '2025-03-09', 6, 5, 2),
       (188, 2022, 2022, 'PRN3552', 57706, 66387, '2025-05-14', 6, 2, 2),
       (189, 2020, 2020, 'KWC6785', 45311, 63478, '2024-09-18', 3, 3, 2),
       (190, 2023, 2024, 'KMC5910', 65787, 80830, '2025-05-14', 9, 5, 2),
       (191, 2024, 2025, 'IYK2567', 7172, 107725, '2024-05-04', 6, 2, 2),
       (192, 2018, 2018, 'LUR4091', 48864, 115955, '2024-02-12', 6, 1, 2),
       (193, 2018, 2019, 'UEL0289', 61893, 43109, '2024-03-23', 7, 5, 2),
       (194, 2018, 2019, 'IEU6812', 15247, 35021, '2024-08-05', 2, 1, 2),
       (195, 2022, 2023, 'FDG6663', 79451, 98368, '2024-04-10', 5, 1, 2),
       (196, 2022, 2023, 'ARP9086', 48203, 39199, '2023-08-18', 2, 2, 2),
       (197, 2021, 2021, 'XFQ3300', 17827, 94618, '2025-04-17', 3, 4, 2),
       (198, 2018, 2018, 'UEA7583', 21015, 112859, '2023-09-20', 5, 5, 2),
       (199, 2018, 2019, 'MXN3480', 21496, 111837, '2025-05-19', 8, 1, 2),
       (200, 2024, 2024, 'WCP9561', 36000, 105263, '2023-08-23', 4, 5, 2),
       (201, 2024, 2025, 'UIF4897', 22808, 44809, '2025-02-13', 2, 1, 2),
       (202, 2019, 2019, 'KYY2149', 15255, 50808, '2024-03-29', 2, 2, 2),
       (203, 2020, 2020, 'GYF3692', 77045, 72744, '2025-04-20', 10, 3, 2),
       (204, 2019, 2020, 'VLZ5597', 79722, 77028, '2024-08-23', 8, 3, 2),
       (205, 2023, 2023, 'OFV7570', 21449, 102146, '2025-07-18', 6, 4, 2),
       (206, 2020, 2020, 'WRX6032', 9854, 61782, '2025-01-12', 3, 1, 2),
       (207, 2022, 2023, 'QEF3289', 62947, 82868, '2025-03-01', 7, 4, 2),
       (208, 2018, 2019, 'CVO4637', 60641, 36450, '2025-04-12', 8, 4, 2),
       (209, 2020, 2020, 'BHV5263', 53835, 65989, '2025-07-13', 7, 1, 2),
       (210, 2023, 2024, 'BBK7405', 68125, 79493, '2025-07-04', 1, 5, 2),
       (211, 2022, 2022, 'WVO2324', 21756, 38977, '2025-02-03', 5, 4, 2),
       (212, 2023, 2023, 'YEH8410', 63590, 88853, '2024-04-06', 6, 1, 2),
       (213, 2024, 2025, 'CVK1736', 79647, 64603, '2024-11-17', 7, 2, 2),
       (214, 2024, 2024, 'CKD8077', 10436, 90582, '2024-05-30', 6, 4, 2),
       (215, 2023, 2024, 'VUP9868', 41102, 65312, '2023-07-27', 3, 1, 2),
       (216, 2023, 2024, 'GKX5627', 48678, 100068, '2024-07-10', 2, 4, 2),
       (217, 2019, 2020, 'LRD6622', 44741, 50237, '2025-04-21', 7, 1, 2),
       (218, 2020, 2020, 'ISA8613', 6711, 78634, '2025-06-16', 3, 4, 2),
       (219, 2023, 2023, 'PEJ6650', 11870, 77307, '2024-10-21', 2, 4, 2),
       (220, 2022, 2022, 'YGR4590', 77558, 74336, '2024-12-10', 8, 3, 2),
       (221, 2019, 2020, 'IBO3850', 73976, 51035, '2023-09-15', 1, 1, 2),
       (222, 2018, 2019, 'EXU0729', 55646, 116482, '2023-09-12', 7, 4, 2),
       (223, 2018, 2018, 'LOU4563', 70411, 83721, '2023-08-28', 4, 4, 2),
       (224, 2021, 2021, 'IQX9466', 41376, 88048, '2025-03-24', 9, 5, 2),
       (225, 2018, 2019, 'FGQ2256', 65368, 58454, '2024-07-03', 7, 3, 2),
       (226, 2023, 2023, 'CHN0004', 48329, 39313, '2024-10-16', 1, 3, 2),
       (227, 2021, 2022, 'DUM5094', 19933, 98713, '2024-01-20', 6, 3, 2),
       (228, 2022, 2023, 'IIF4604', 30137, 46311, '2025-02-06', 6, 2, 2),
       (229, 2020, 2021, 'IEI2002', 24156, 30024, '2023-11-19', 9, 2, 2),
       (230, 2021, 2021, 'GZV0039', 47183, 90693, '2024-05-09', 9, 4, 2),
       (231, 2022, 2023, 'WIU6418', 75639, 82042, '2024-06-04', 5, 4, 2),
       (232, 2024, 2025, 'ZKB4195', 76370, 89019, '2023-10-03', 4, 2, 2),
       (233, 2023, 2024, 'LGW2631', 17303, 70000, '2024-04-24', 7, 5, 2),
       (234, 2020, 2020, 'VRV5369', 33173, 72556, '2024-04-18', 5, 3, 2),
       (235, 2024, 2025, 'JKR8263', 77487, 91958, '2024-12-22', 6, 4, 2),
       (236, 2019, 2020, 'QZH2858', 67229, 82524, '2023-09-01', 1, 3, 2),
       (237, 2023, 2023, 'IFU5121', 5879, 60581, '2024-07-05', 6, 2, 2),
       (238, 2023, 2023, 'KMN8513', 58444, 119873, '2025-02-14', 3, 3, 2),
       (239, 2022, 2023, 'XJV9101', 32993, 91453, '2025-07-13', 4, 5, 2),
       (240, 2019, 2019, 'YQQ4708', 14640, 77826, '2025-02-05', 8, 3, 2),
       (241, 2019, 2020, 'ZNX0967', 65695, 111419, '2024-08-07', 8, 2, 2),
       (242, 2018, 2018, 'QZN6450', 14261, 78059, '2023-10-31', 1, 2, 2),
       (243, 2020, 2021, 'BZE0677', 74778, 95356, '2025-03-30', 9, 5, 2),
       (244, 2022, 2022, 'GIQ7283', 33915, 60724, '2023-08-14', 10, 5, 2),
       (245, 2018, 2019, 'ISA1450', 46566, 89688, '2024-10-22', 1, 5, 2),
       (246, 2018, 2019, 'YXA8439', 74482, 39475, '2025-03-29', 5, 3, 2),
       (247, 2018, 2018, 'NIX5811', 75571, 115041, '2023-08-02', 3, 1, 2),
       (248, 2021, 2022, 'AIL9658', 25130, 54340, '2024-12-27', 3, 4, 2),
       (249, 2023, 2024, 'OGM7103', 6635, 119542, '2023-08-13', 10, 3, 2),
       (250, 2019, 2020, 'HLZ8673', 51377, 34291, '2025-03-28', 2, 2, 2),
       (251, 2018, 2019, 'FCA4852', 28862, 38179, '2024-02-05', 3, 5, 2),
       (252, 2020, 2020, 'YNG2053', 52264, 33559, '2024-10-03', 10, 1, 2),
       (253, 2023, 2024, 'IBF2109', 9221, 52204, '2024-08-01', 9, 5, 2),
       (254, 2023, 2024, 'TLL8409', 43476, 71673, '2024-10-29', 6, 1, 2),
       (255, 2022, 2022, 'HZO0372', 30184, 97055, '2024-04-30', 8, 4, 2),
       (256, 2024, 2025, 'GMN8642', 20218, 32433, '2024-02-21', 8, 2, 2),
       (257, 2024, 2025, 'ETM2748', 46213, 99595, '2023-11-27', 2, 5, 2),
       (258, 2022, 2023, 'WZC9115', 6192, 83471, '2025-01-03', 3, 4, 2),
       (259, 2022, 2023, 'MXH5808', 17239, 42810, '2025-03-12', 10, 2, 2),
       (260, 2019, 2020, 'ZOK6826', 68367, 58575, '2024-06-23', 10, 1, 2),
       (261, 2023, 2024, 'JFR9197', 76288, 45892, '2023-12-10', 7, 1, 2),
       (262, 2018, 2019, 'WTR9243', 25395, 71789, '2024-04-18', 9, 2, 2),
       (263, 2020, 2020, 'CFL6822', 67569, 90805, '2024-09-29', 2, 1, 2),
       (264, 2019, 2019, 'ECE6406', 19281, 109993, '2025-06-20', 6, 1, 2),
       (265, 2023, 2023, 'PMU0616', 23744, 81398, '2023-12-27', 2, 1, 2),
       (266, 2018, 2019, 'HZQ9076', 18999, 33964, '2024-06-08', 4, 2, 2),
       (267, 2021, 2022, 'BDW7211', 14561, 39842, '2024-04-30', 1, 5, 2),
       (268, 2019, 2020, 'HJD5720', 36553, 111072, '2025-07-22', 1, 1, 2),
       (269, 2023, 2024, 'LVM0377', 29223, 34703, '2024-03-20', 3, 3, 2),
       (270, 2024, 2024, 'PXU4582', 54927, 89671, '2024-11-07', 4, 3, 2),
       (271, 2021, 2021, 'HPF5055', 6577, 106874, '2023-12-30', 2, 5, 2),
       (272, 2020, 2021, 'BJW1172', 46164, 101936, '2024-06-02', 3, 5, 2),
       (273, 2018, 2019, 'RAG4608', 60486, 83813, '2025-05-22', 7, 4, 2),
       (274, 2023, 2024, 'ZID9271', 29449, 72730, '2023-12-27', 5, 5, 2),
       (275, 2018, 2018, 'IXV8959', 43440, 86190, '2024-12-19', 6, 4, 2),
       (276, 2024, 2025, 'UHI7731', 37387, 119209, '2024-02-24', 10, 2, 2),
       (277, 2022, 2022, 'KEX9031', 48650, 41549, '2024-06-05', 6, 1, 2),
       (278, 2023, 2024, 'OGY6088', 47573, 70380, '2023-11-25', 4, 3, 2),
       (279, 2023, 2024, 'CWT8908', 30532, 53167, '2025-03-18', 5, 4, 2),
       (280, 2021, 2022, 'ZJR0268', 43680, 52989, '2025-07-01', 10, 4, 2),
       (281, 2019, 2020, 'QQI9704', 71808, 74035, '2023-12-10', 5, 5, 2),
       (282, 2021, 2022, 'ODG2721', 10603, 54209, '2024-08-18', 2, 2, 2),
       (283, 2018, 2019, 'DPG5905', 42830, 115785, '2024-01-29', 5, 5, 2),
       (284, 2023, 2024, 'FZF0153', 18391, 69409, '2023-12-09', 1, 2, 2),
       (285, 2022, 2022, 'XBP3373', 21595, 34660, '2025-03-03', 4, 4, 2),
       (286, 2020, 2021, 'ZOE1845', 25430, 100422, '2024-08-25', 5, 2, 2),
       (287, 2020, 2021, 'AVD7799', 19215, 90112, '2024-08-20', 9, 5, 2),
       (288, 2020, 2021, 'HMX9209', 26980, 116750, '2025-03-09', 6, 4, 2),
       (289, 2023, 2023, 'TZL8284', 42788, 35503, '2023-10-04', 1, 3, 2),
       (290, 2020, 2021, 'KIB8318', 55858, 53488, '2024-06-08', 2, 4, 2),
       (291, 2023, 2024, 'VTT9897', 63807, 114512, '2024-10-12', 8, 4, 2),
       (292, 2018, 2019, 'UZE3743', 63249, 102098, '2024-01-05', 4, 5, 2),
       (293, 2019, 2020, 'NJK5689', 6440, 78727, '2024-11-19', 9, 3, 2),
       (294, 2022, 2022, 'DOC1192', 37096, 42826, '2023-08-17', 6, 5, 2),
       (295, 2024, 2025, 'LZX7894', 74895, 33544, '2024-12-19', 1, 1, 2),
       (296, 2022, 2022, 'PRD5678', 66903, 47501, '2024-07-13', 3, 3, 2),
       (297, 2021, 2022, 'YQR5403', 33884, 113332, '2024-12-13', 2, 3, 2),
       (298, 2018, 2019, 'WNX6960', 66792, 89058, '2025-03-06', 7, 1, 2),
       (299, 2020, 2021, 'WZJ2830', 63285, 51144, '2024-11-29', 9, 4, 2),
       (300, 2020, 2021, 'QCA0713', 64238, 45664, '2024-03-04', 10, 2, 2),
       (301, 2019, 2020, 'EKT2206', 17751, 92731, '2025-01-04', 9, 2, 2),
       (302, 2021, 2022, 'ATH9186', 75411, 32628, '2024-08-30', 10, 1, 2),
       (303, 2018, 2019, 'VJF7772', 65006, 56939, '2023-09-16', 10, 4, 2),
       (304, 2023, 2024, 'YET0746', 25834, 53060, '2025-01-17', 5, 4, 2),
       (305, 2024, 2024, 'JQY9521', 37836, 110858, '2024-02-08', 2, 1, 2),
       (306, 2019, 2020, 'BRJ1306', 72328, 105808, '2023-09-19', 5, 2, 2),
       (307, 2023, 2024, 'HYJ5042', 25973, 36916, '2023-08-30', 6, 3, 2),
       (308, 2022, 2023, 'EXD8460', 43474, 115841, '2023-12-18', 7, 5, 2),
       (309, 2023, 2024, 'JFZ3757', 21828, 68279, '2023-12-29', 7, 1, 2),
       (310, 2024, 2025, 'NDD6581', 31975, 44450, '2024-02-12', 6, 1, 2),
       (311, 2021, 2022, 'JOZ2533', 49132, 86923, '2024-07-28', 9, 2, 2),
       (312, 2022, 2022, 'MHR7519', 59739, 39528, '2024-04-07', 8, 3, 2),
       (313, 2024, 2025, 'CDB3865', 11319, 119239, '2023-12-30', 7, 2, 2),
       (314, 2024, 2025, 'XEQ3760', 15361, 90624, '2025-01-07', 6, 3, 2),
       (315, 2023, 2024, 'XMG9083', 8934, 78996, '2024-12-29', 5, 2, 2),
       (316, 2022, 2023, 'MZN2751', 6991, 41336, '2024-12-17', 3, 2, 2),
       (317, 2019, 2019, 'ASX0873', 34289, 68333, '2023-10-23', 2, 4, 2),
       (318, 2024, 2025, 'OXL5011', 55929, 87746, '2025-02-02', 2, 2, 2),
       (319, 2019, 2019, 'XPI3355', 69881, 58998, '2025-03-05', 6, 5, 2),
       (320, 2020, 2021, 'STP6254', 17633, 112018, '2023-12-13', 1, 3, 2),
       (321, 2021, 2021, 'RAO8063', 79486, 107682, '2023-10-03', 9, 5, 2),
       (322, 2023, 2024, 'TDH0746', 22265, 69560, '2025-07-02', 2, 2, 2),
       (323, 2024, 2025, 'QDO4067', 11128, 92163, '2025-02-18', 8, 1, 2),
       (324, 2018, 2019, 'UIT2407', 31732, 50902, '2023-10-19', 8, 4, 2),
       (325, 2022, 2023, 'KEU3303', 72536, 89258, '2024-10-03', 7, 3, 2),
       (326, 2018, 2019, 'TOD1829', 52987, 70912, '2024-12-13', 10, 1, 2),
       (327, 2023, 2024, 'JFC4670', 15303, 87805, '2024-02-12', 4, 4, 2),
       (328, 2024, 2024, 'TOX8650', 7892, 59251, '2025-01-04', 5, 5, 2),
       (329, 2020, 2020, 'MEM4571', 48499, 39143, '2025-06-03', 6, 5, 2),
       (330, 2020, 2021, 'VMV1172', 14049, 105036, '2024-08-18', 9, 2, 2),
       (331, 2024, 2024, 'QPR4253', 6606, 93014, '2024-06-28', 3, 1, 2),
       (332, 2020, 2020, 'GPK0749', 28147, 97613, '2025-03-26', 3, 5, 2),
       (333, 2019, 2019, 'TES9891', 34546, 86678, '2024-12-30', 3, 2, 2),
       (334, 2023, 2024, 'XSS9095', 16813, 31363, '2023-08-13', 5, 1, 2),
       (335, 2021, 2022, 'YOP7770', 63154, 91032, '2023-11-23', 6, 2, 2),
       (336, 2020, 2021, 'WSL9213', 77621, 37147, '2023-09-17', 9, 1, 2),
       (337, 2018, 2019, 'NIE8778', 16384, 31817, '2024-12-02', 3, 3, 2),
       (338, 2024, 2025, 'TYB1666', 75042, 49250, '2025-03-19', 3, 1, 2),
       (339, 2019, 2020, 'FQZ9764', 59288, 30810, '2025-03-27', 2, 3, 2),
       (340, 2020, 2021, 'GYX3927', 13941, 79338, '2024-03-02', 9, 2, 2),
       (341, 2021, 2022, 'SPF2519', 47044, 45269, '2024-03-17', 9, 4, 2),
       (342, 2020, 2020, 'LGF1638', 37815, 57583, '2024-05-21', 9, 5, 2),
       (343, 2024, 2025, 'IIZ4815', 79315, 73882, '2024-08-08', 8, 4, 2),
       (344, 2020, 2020, 'RDC3958', 15943, 50929, '2025-01-11', 2, 2, 2),
       (345, 2020, 2021, 'GYN4666', 71797, 55040, '2024-06-13', 4, 4, 2),
       (346, 2022, 2023, 'UGA9570', 21405, 39937, '2025-06-01', 9, 4, 2),
       (347, 2018, 2018, 'BGR7917', 50869, 97832, '2025-06-12', 7, 3, 2),
       (348, 2020, 2020, 'QIG4882', 15562, 119897, '2024-09-02', 4, 5, 2),
       (349, 2024, 2024, 'ERF8848', 75955, 85909, '2023-11-14', 8, 3, 2),
       (350, 2018, 2018, 'KDE4793', 54339, 42521, '2025-07-16', 3, 1, 2),
       (351, 2022, 2022, 'ITF0675', 45758, 107925, '2024-04-25', 3, 2, 2),
       (352, 2021, 2021, 'KZF8870', 45812, 79490, '2024-04-10', 5, 2, 2),
       (353, 2022, 2023, 'LXB3790', 52125, 53009, '2023-12-13', 2, 5, 2),
       (354, 2020, 2020, 'LBX5091', 38392, 52674, '2024-10-12', 2, 2, 2),
       (355, 2021, 2022, 'LWU7568', 73385, 53026, '2024-09-26', 10, 3, 2),
       (356, 2022, 2023, 'EPF8449', 39272, 103841, '2024-02-19', 4, 3, 2),
       (357, 2019, 2020, 'YQJ6331', 76279, 86222, '2025-07-07', 4, 3, 2),
       (358, 2024, 2025, 'GAG6181', 28635, 88877, '2025-04-24', 6, 5, 2),
       (359, 2021, 2021, 'ISH7292', 62676, 115672, '2024-08-08', 4, 5, 2),
       (360, 2024, 2025, 'MEV5926', 26231, 30779, '2025-04-04', 4, 3, 2),
       (361, 2024, 2025, 'XOX9325', 22593, 78210, '2025-05-09', 6, 2, 2),
       (362, 2021, 2021, 'OXR5650', 51348, 42075, '2024-06-26', 1, 4, 2),
       (363, 2019, 2020, 'QSD3480', 10266, 89721, '2024-04-18', 2, 5, 2),
       (364, 2023, 2024, 'OXC9142', 21737, 65047, '2023-09-07', 2, 2, 2),
       (365, 2021, 2022, 'DNA6298', 66654, 54041, '2024-01-27', 6, 5, 2),
       (366, 2024, 2025, 'WDK2360', 24337, 43413, '2024-10-01', 10, 5, 2),
       (367, 2024, 2025, 'XFK2873', 9825, 82892, '2025-06-21', 9, 2, 2),
       (368, 2024, 2025, 'YOY3623', 9260, 67938, '2023-11-26', 8, 4, 2),
       (369, 2023, 2024, 'LPO3457', 30398, 93274, '2025-03-05', 3, 4, 2),
       (370, 2020, 2021, 'OEK1536', 42043, 90122, '2023-09-25', 2, 4, 2),
       (371, 2018, 2019, 'IJA4956', 32354, 101362, '2023-08-03', 5, 3, 2),
       (372, 2021, 2022, 'NQB6611', 50783, 84877, '2024-07-07', 3, 4, 2),
       (373, 2018, 2019, 'PFU1595', 59709, 46073, '2023-11-22', 6, 1, 2),
       (374, 2024, 2025, 'KOG4128', 38977, 115826, '2024-11-20', 3, 5, 2),
       (375, 2019, 2020, 'VPO3372', 21188, 113629, '2025-03-25', 9, 1, 2),
       (376, 2023, 2024, 'ZEP4361', 10998, 62398, '2024-04-21', 6, 4, 2),
       (377, 2020, 2021, 'QNT6025', 12397, 116527, '2023-10-08', 4, 5, 2),
       (378, 2020, 2021, 'NQS9297', 10282, 119750, '2024-09-28', 7, 1, 2),
       (379, 2018, 2018, 'DDH7711', 31103, 57646, '2025-01-29', 7, 3, 2),
       (380, 2020, 2021, 'HLT2914', 41130, 41853, '2025-01-08', 10, 1, 2),
       (381, 2024, 2025, 'QXM0549', 31446, 32644, '2025-01-15', 10, 2, 2),
       (382, 2021, 2021, 'WHH0691', 45836, 96442, '2024-06-09', 4, 4, 2),
       (383, 2018, 2019, 'BBP2234', 51368, 74953, '2024-11-12', 7, 5, 2),
       (384, 2021, 2022, 'MAK5991', 61922, 63470, '2024-06-22', 4, 3, 2),
       (385, 2024, 2025, 'WNW4274', 68580, 43137, '2023-10-29', 1, 5, 2),
       (386, 2023, 2024, 'RUO3703', 58366, 100590, '2025-07-17', 5, 1, 2),
       (387, 2022, 2023, 'PIB7794', 17819, 47811, '2023-07-25', 2, 3, 2),
       (388, 2024, 2025, 'GLA9308', 47250, 99620, '2024-11-05', 7, 1, 2),
       (389, 2020, 2021, 'MCB5530', 52265, 83195, '2024-01-01', 9, 1, 2),
       (390, 2023, 2024, 'LEN1609', 29027, 42539, '2024-10-24', 1, 1, 2),
       (391, 2021, 2022, 'WYM5478', 46432, 66040, '2025-03-11', 7, 2, 2),
       (392, 2023, 2024, 'WSN1300', 66727, 85111, '2025-02-02', 2, 2, 2),
       (393, 2022, 2023, 'PMF9367', 57212, 41272, '2024-01-05', 4, 4, 2),
       (394, 2024, 2025, 'YWL9226', 73018, 79701, '2024-12-16', 3, 3, 2),
       (395, 2021, 2021, 'UEE7654', 73917, 58893, '2025-01-08', 8, 2, 2),
       (396, 2020, 2021, 'ZTF0223', 62116, 77251, '2025-04-25', 3, 1, 2),
       (397, 2019, 2020, 'MFY6277', 61992, 33355, '2023-12-19', 5, 3, 2),
       (398, 2021, 2021, 'JJR5973', 48097, 102533, '2024-02-11', 4, 3, 2),
       (399, 2019, 2020, 'KDB2523', 51328, 109263, '2024-11-23', 10, 5, 2),
       (400, 2018, 2019, 'WYF4224', 27658, 43962, '2025-04-28', 9, 3, 2),
       (401, 2021, 2022, 'MID3317', 78234, 72801, '2025-01-05', 5, 1, 2),
       (402, 2018, 2018, 'LYO2396', 21251, 89798, '2024-07-05', 6, 5, 2),
       (403, 2024, 2024, 'HQQ9626', 79542, 118350, '2024-09-27', 4, 4, 2),
       (404, 2019, 2020, 'PIT5683', 73299, 102321, '2025-04-14', 1, 1, 2),
       (405, 2023, 2024, 'EJW7705', 11376, 49139, '2024-11-29', 6, 4, 2),
       (406, 2022, 2023, 'HMZ0250', 22177, 78551, '2024-09-14', 5, 4, 2),
       (407, 2024, 2024, 'REC9837', 5164, 34662, '2024-03-15', 10, 3, 2),
       (408, 2018, 2018, 'RGA3635', 45114, 61855, '2025-05-27', 3, 5, 2),
       (409, 2021, 2022, 'ESQ6023', 44104, 110408, '2025-06-29', 2, 2, 2),
       (410, 2018, 2019, 'WZL6300', 9886, 86379, '2024-09-23', 6, 5, 2),
       (411, 2024, 2025, 'EMS0919', 10113, 44202, '2024-07-13', 7, 1, 2),
       (412, 2024, 2025, 'KRP4995', 51411, 90087, '2025-07-17', 7, 3, 2),
       (413, 2022, 2023, 'VES1787', 23146, 75393, '2025-06-02', 2, 1, 2),
       (414, 2022, 2022, 'VLD6614', 7913, 53364, '2023-10-25', 10, 1, 2),
       (415, 2024, 2025, 'UVG8355', 38638, 74427, '2024-04-28', 2, 4, 2),
       (416, 2021, 2022, 'NCW0718', 20637, 87987, '2024-02-23', 7, 3, 2),
       (417, 2021, 2021, 'GNT3140', 79077, 104358, '2024-01-13', 2, 3, 2),
       (418, 2021, 2021, 'STG5740', 63564, 70337, '2023-08-25', 6, 5, 2),
       (419, 2018, 2019, 'JDA4990', 65268, 95051, '2024-08-24', 1, 3, 2),
       (420, 2019, 2019, 'YIL9799', 71887, 84625, '2025-02-16', 5, 4, 2),
       (421, 2022, 2022, 'GEO7631', 22220, 71411, '2025-06-06', 5, 5, 2),
       (422, 2022, 2022, 'DII9287', 48633, 64355, '2025-07-04', 9, 5, 2),
       (423, 2018, 2019, 'MDA4965', 49090, 72661, '2023-12-08', 2, 5, 2),
       (424, 2018, 2018, 'OKP2264', 45198, 102217, '2024-03-03', 10, 1, 2),
       (425, 2021, 2021, 'HWX6131', 60964, 76359, '2023-08-28', 8, 5, 2),
       (426, 2019, 2020, 'JBU9438', 69262, 98046, '2025-03-05', 1, 1, 2),
       (427, 2018, 2019, 'PME8462', 34147, 41317, '2025-05-06', 3, 5, 2),
       (428, 2024, 2025, 'CAB0621', 42648, 87353, '2024-11-18', 1, 2, 2),
       (429, 2024, 2025, 'CWB5548', 41478, 95039, '2023-12-31', 9, 3, 2),
       (430, 2023, 2024, 'TFY0452', 12755, 93168, '2024-02-22', 2, 5, 2),
       (431, 2022, 2022, 'MWP1442', 9227, 115739, '2023-09-26', 2, 5, 2),
       (432, 2023, 2023, 'FNZ7168', 51197, 87601, '2023-11-15', 7, 3, 2),
       (433, 2024, 2025, 'TBD6988', 24103, 61369, '2023-12-29', 7, 4, 2),
       (434, 2021, 2021, 'MYO5282', 74217, 44983, '2024-08-07', 4, 5, 2),
       (435, 2023, 2024, 'DFD1858', 75844, 100687, '2024-09-16', 2, 4, 2),
       (436, 2023, 2024, 'KFM3966', 51295, 62626, '2024-03-08', 1, 1, 2),
       (437, 2021, 2021, 'RHT1107', 75051, 106089, '2025-01-04', 3, 5, 2),
       (438, 2021, 2022, 'FSY0851', 79855, 51501, '2024-04-29', 4, 4, 2),
       (439, 2020, 2021, 'XPT9049', 46639, 51978, '2024-11-16', 4, 4, 2),
       (440, 2022, 2023, 'TEZ0457', 49410, 91538, '2023-08-17', 4, 1, 2),
       (441, 2018, 2019, 'ZSN0359', 35636, 119015, '2024-04-22', 6, 4, 2),
       (442, 2018, 2019, 'NWL0932', 63643, 57058, '2024-09-23', 7, 5, 2),
       (443, 2023, 2023, 'TVL5334', 33401, 72205, '2023-08-27', 7, 3, 2),
       (444, 2024, 2025, 'IMW3563', 65220, 108015, '2023-08-20', 2, 2, 2),
       (445, 2024, 2025, 'RXZ2903', 69543, 31829, '2025-07-01', 5, 5, 2),
       (446, 2019, 2020, 'GJS5467', 71829, 45271, '2024-04-05', 10, 5, 2),
       (447, 2018, 2019, 'COJ2583', 8190, 34642, '2023-08-10', 7, 5, 2),
       (448, 2024, 2025, 'CZY6066', 23804, 110972, '2024-03-01', 4, 5, 2),
       (449, 2019, 2020, 'WPC1612', 53522, 31649, '2024-03-09', 6, 4, 2),
       (450, 2021, 2022, 'XNQ2239', 35077, 115000, '2024-05-15', 7, 2, 2),
       (451, 2019, 2020, 'JBT7132', 67893, 82110, '2024-06-09', 8, 1, 2),
       (452, 2019, 2019, 'SID6003', 29914, 67148, '2024-03-10', 4, 5, 2),
       (453, 2020, 2020, 'PXW9840', 60937, 68831, '2025-07-04', 4, 2, 2),
       (454, 2020, 2021, 'PMQ3517', 73553, 109801, '2023-12-29', 5, 5, 2),
       (455, 2019, 2020, 'TYK6128', 21331, 60497, '2024-11-14', 7, 3, 2),
       (456, 2023, 2023, 'DFG9291', 8691, 53845, '2025-07-23', 9, 3, 2),
       (457, 2022, 2023, 'AVL3622', 48714, 54938, '2024-06-07', 1, 3, 2),
       (458, 2023, 2024, 'XGC8557', 19646, 105106, '2024-01-06', 9, 4, 2),
       (459, 2019, 2020, 'UVK7625', 25252, 37158, '2025-06-26', 1, 4, 2),
       (460, 2020, 2020, 'YLC3567', 55539, 83169, '2024-12-14', 5, 3, 2),
       (461, 2021, 2022, 'LQC3987', 14863, 112820, '2025-04-10', 8, 4, 2),
       (462, 2018, 2018, 'AQE4513', 11422, 53492, '2025-03-08', 3, 1, 2),
       (463, 2022, 2023, 'BHZ9997', 51444, 106202, '2024-07-02', 1, 4, 2),
       (464, 2024, 2025, 'DXR4746', 62360, 51660, '2024-01-25', 8, 1, 2),
       (465, 2024, 2024, 'SUB9849', 47794, 102169, '2024-01-28', 5, 5, 2),
       (466, 2022, 2023, 'WUM4840', 73540, 90164, '2023-08-01', 9, 3, 2),
       (467, 2019, 2020, 'RFT1764', 29376, 36017, '2025-01-24', 5, 5, 2),
       (468, 2019, 2019, 'XJH6414', 50951, 92511, '2024-05-16', 3, 3, 2),
       (469, 2024, 2025, 'TKV0167', 8801, 93514, '2024-10-07', 10, 1, 2),
       (470, 2022, 2022, 'PID2698', 12603, 62522, '2023-08-16', 10, 3, 2),
       (471, 2023, 2023, 'CQP2230', 6405, 85838, '2023-08-21', 4, 1, 2),
       (472, 2024, 2024, 'TBF8982', 74193, 63194, '2024-07-24', 1, 4, 2),
       (473, 2018, 2019, 'CNZ2882', 25081, 33687, '2023-11-18', 8, 2, 2),
       (474, 2023, 2024, 'AVF3412', 8528, 117470, '2024-08-03', 5, 4, 2),
       (475, 2019, 2019, 'MXK1170', 68481, 42932, '2024-04-06', 9, 5, 2),
       (476, 2019, 2020, 'YYS9089', 27782, 59836, '2024-06-26', 10, 3, 2),
       (477, 2020, 2021, 'LRF7758', 18999, 56374, '2024-08-08', 4, 5, 2),
       (478, 2023, 2024, 'IKI4732', 22741, 67979, '2025-07-07', 10, 1, 2),
       (479, 2022, 2023, 'PJQ2999', 28869, 44203, '2025-02-12', 7, 4, 2),
       (480, 2021, 2021, 'AUI7873', 65171, 41292, '2024-06-28', 4, 5, 2),
       (481, 2022, 2022, 'MSI9472', 60795, 87879, '2024-10-26', 9, 3, 2),
       (482, 2020, 2020, 'NTL8575', 67627, 78506, '2023-08-01', 7, 4, 2),
       (483, 2020, 2021, 'SIU0557', 18629, 104613, '2025-02-04', 7, 4, 2),
       (484, 2023, 2024, 'FAL0983', 50929, 74937, '2025-03-26', 8, 3, 2),
       (485, 2024, 2025, 'FFA2227', 9081, 68578, '2025-05-22', 7, 2, 2),
       (486, 2020, 2021, 'CBJ2115', 32651, 104333, '2024-03-14', 3, 4, 2),
       (487, 2022, 2023, 'QZC3724', 77478, 115708, '2024-10-26', 4, 1, 2),
       (488, 2020, 2020, 'RZR5919', 74859, 115784, '2025-04-07', 1, 3, 2),
       (489, 2022, 2023, 'RFD9273', 41312, 98215, '2023-08-22', 9, 1, 2),
       (490, 2021, 2022, 'QIZ4501', 21545, 88667, '2024-08-20', 9, 4, 2),
       (491, 2019, 2020, 'EPX5047', 49202, 86813, '2024-03-18', 5, 2, 2),
       (492, 2024, 2025, 'CVD4634', 66510, 30886, '2025-02-28', 4, 4, 2),
       (493, 2024, 2025, 'VPG1314', 37529, 69036, '2025-06-30', 5, 4, 2),
       (494, 2023, 2024, 'HFB8583', 28903, 53692, '2024-09-09', 2, 2, 2),
       (495, 2023, 2024, 'FCY4790', 55955, 114591, '2025-06-09', 5, 5, 2),
       (496, 2019, 2020, 'LNJ5452', 44008, 51891, '2024-12-15', 4, 5, 2),
       (497, 2022, 2023, 'CNI7904', 44737, 63482, '2023-10-17', 8, 5, 2),
       (498, 2019, 2020, 'NOC6953', 12489, 40455, '2024-08-01', 10, 4, 2),
       (499, 2023, 2024, 'OWB4446', 57314, 58941, '2024-09-23', 7, 5, 2),
       (500, 2020, 2021, 'VOD8979', 57584, 96183, '2024-08-23', 10, 5, 2),
       (501, 2018, 2018, 'NTE8491', 30246, 50501, '2024-07-06', 3, 3, 2),
       (502, 2019, 2020, 'ODV5730', 57869, 67338, '2024-05-31', 7, 4, 2),
       (503, 2024, 2025, 'NHS8312', 63177, 104754, '2025-01-02', 4, 1, 2),
       (504, 2024, 2024, 'ZEO1560', 45977, 76238, '2025-03-15', 9, 3, 2),
       (505, 2022, 2022, 'AYW0807', 26247, 117977, '2025-07-21', 10, 5, 2),
       (506, 2022, 2022, 'ABF1492', 75259, 40569, '2025-01-10', 4, 4, 2),
       (507, 2022, 2023, 'KHB6096', 69107, 56623, '2025-06-10', 2, 1, 2),
       (508, 2024, 2025, 'SLE3252', 14673, 107150, '2024-05-21', 1, 2, 2),
       (509, 2024, 2025, 'ZSU0905', 29814, 58770, '2023-09-20', 10, 1, 2),
       (510, 2019, 2020, 'UQH2701', 13573, 49482, '2025-06-23', 8, 1, 2),
       (511, 2023, 2024, 'NDT6824', 41550, 96118, '2025-03-25', 2, 2, 2),
       (512, 2021, 2022, 'XFK6947', 59925, 48475, '2024-04-19', 4, 4, 2),
       (513, 2021, 2022, 'FVZ6510', 19834, 86882, '2025-02-03', 1, 2, 2),
       (514, 2018, 2019, 'YPU2745', 36380, 35859, '2024-10-28', 10, 3, 2),
       (515, 2021, 2021, 'BNY4554', 57294, 60674, '2023-11-20', 3, 3, 2),
       (516, 2023, 2024, 'LMT4820', 60632, 116149, '2025-02-05', 2, 3, 2),
       (517, 2023, 2023, 'BSS2813', 60990, 112228, '2024-10-16', 1, 5, 2),
       (518, 2024, 2025, 'IAT7851', 45543, 100633, '2025-06-12', 9, 1, 2),
       (519, 2022, 2022, 'DER4516', 23792, 57247, '2025-06-16', 10, 2, 2),
       (520, 2024, 2025, 'NFN4391', 61083, 68846, '2025-03-02', 8, 5, 2),
       (521, 2024, 2025, 'QKT4465', 79257, 97191, '2023-08-14', 2, 1, 2),
       (522, 2021, 2022, 'WEF5936', 47038, 92043, '2023-08-30', 7, 4, 2),
       (523, 2020, 2020, 'QJT7270', 29536, 110374, '2024-06-24', 9, 1, 2),
       (524, 2018, 2019, 'HYX6813', 73498, 74890, '2025-06-14', 1, 1, 2),
       (525, 2019, 2020, 'JIH8707', 43902, 95333, '2024-11-29', 7, 4, 2),
       (526, 2020, 2021, 'VFI2463', 49052, 80733, '2025-06-23', 4, 5, 2),
       (527, 2019, 2019, 'QBX6774', 29620, 61942, '2024-06-13', 6, 4, 2),
       (528, 2019, 2020, 'WBW1350', 11963, 67508, '2023-09-12', 3, 2, 2),
       (529, 2020, 2021, 'JLY6023', 15098, 88225, '2025-04-16', 7, 1, 2),
       (530, 2022, 2023, 'CPN6360', 65387, 84780, '2023-08-16', 10, 4, 2),
       (531, 2024, 2024, 'EFE1647', 9798, 112036, '2024-07-18', 2, 3, 2),
       (532, 2020, 2021, 'ZMT7042', 43395, 114570, '2024-07-04', 7, 5, 2),
       (533, 2022, 2023, 'PPF3542', 77182, 95494, '2024-01-08', 4, 3, 2),
       (534, 2019, 2020, 'AHB6805', 24101, 99689, '2024-10-05', 9, 4, 2),
       (535, 2021, 2021, 'LOK7094', 13154, 52858, '2024-06-17', 9, 1, 2),
       (536, 2020, 2020, 'UXE2158', 5693, 69510, '2024-06-05', 8, 1, 2),
       (537, 2021, 2022, 'CDG5688', 14230, 48421, '2025-01-26', 4, 5, 2),
       (538, 2024, 2024, 'RHS7580', 40090, 43488, '2025-01-05', 8, 2, 2),
       (539, 2022, 2022, 'YMH4673', 25672, 114954, '2023-12-10', 1, 5, 2),
       (540, 2023, 2024, 'JDM0476', 73828, 100371, '2023-09-22', 3, 2, 2),
       (541, 2020, 2021, 'WLX6787', 10604, 86650, '2023-09-21', 7, 4, 2),
       (542, 2019, 2020, 'LUI1336', 51493, 117795, '2024-04-10', 4, 4, 2),
       (543, 2019, 2020, 'HTU0740', 45181, 100895, '2024-12-15', 1, 5, 2),
       (544, 2018, 2019, 'FKT7101', 64262, 106609, '2024-01-20', 2, 1, 2),
       (545, 2024, 2025, 'KUW9960', 13717, 36067, '2023-08-11', 6, 4, 2),
       (546, 2020, 2020, 'KVQ2435', 12912, 64631, '2024-03-26', 3, 5, 2),
       (547, 2019, 2020, 'CBP1265', 53366, 52107, '2024-02-24', 8, 1, 2),
       (548, 2019, 2020, 'MLB2054', 60328, 53950, '2024-05-04', 1, 1, 2),
       (549, 2020, 2021, 'UQV0695', 28218, 71053, '2024-03-12', 3, 1, 2),
       (550, 2019, 2020, 'DKW3337', 56033, 42664, '2024-01-02', 4, 4, 2),
       (551, 2023, 2023, 'LRG2047', 65120, 97924, '2025-03-02', 2, 2, 2),
       (552, 2021, 2021, 'GHV9431', 47554, 87212, '2024-07-09', 5, 4, 2),
       (553, 2018, 2019, 'QSM3147', 78442, 60205, '2023-12-07', 7, 1, 2),
       (554, 2022, 2023, 'OUL0576', 68494, 60372, '2023-09-17', 1, 2, 2),
       (555, 2023, 2024, 'BDX5752', 11512, 93169, '2024-07-05', 10, 2, 2),
       (556, 2019, 2020, 'XTT1623', 13528, 88190, '2023-10-22', 6, 2, 2),
       (557, 2022, 2022, 'NYY6644', 49050, 46871, '2023-11-17', 10, 1, 2),
       (558, 2021, 2022, 'GAC1069', 41994, 117181, '2023-11-12', 6, 1, 2),
       (559, 2022, 2023, 'JJE4290', 75552, 70035, '2023-08-09', 4, 2, 2),
       (560, 2023, 2024, 'DRX8164', 28592, 78147, '2024-09-29', 3, 3, 2),
       (561, 2020, 2021, 'VOW8694', 46693, 56127, '2024-09-09', 10, 5, 2),
       (562, 2024, 2024, 'ESS8491', 70680, 65915, '2025-02-06', 3, 1, 2),
       (563, 2019, 2019, 'LVN3270', 44585, 36795, '2024-10-09', 7, 1, 2),
       (564, 2019, 2019, 'DAM1892', 38858, 67787, '2023-09-10', 4, 4, 2),
       (565, 2018, 2019, 'WOV6723', 52920, 46436, '2024-11-22', 3, 1, 2),
       (566, 2022, 2023, 'XAA5774', 49919, 92456, '2024-02-12', 2, 1, 2),
       (567, 2023, 2024, 'QJE1873', 25479, 88687, '2023-10-16', 1, 5, 2),
       (568, 2022, 2022, 'WXF4259', 39698, 59745, '2023-08-22', 2, 2, 2),
       (569, 2021, 2021, 'GPL8934', 70894, 111932, '2023-08-24', 5, 3, 2),
       (570, 2018, 2019, 'LHS1634', 56829, 39450, '2025-01-24', 1, 3, 2),
       (571, 2022, 2022, 'KPO4840', 61827, 78201, '2025-04-07', 6, 4, 2),
       (572, 2022, 2022, 'DJX2080', 26227, 102125, '2024-08-09', 3, 5, 2),
       (573, 2024, 2025, 'AFS8164', 60826, 42344, '2023-09-25', 6, 4, 2),
       (574, 2020, 2020, 'NGW0355', 27442, 103987, '2023-09-12', 5, 3, 2),
       (575, 2023, 2024, 'EKA7081', 58873, 53369, '2024-11-24', 8, 4, 2),
       (576, 2019, 2020, 'TNM0374', 50352, 117286, '2025-01-16', 1, 1, 2),
       (577, 2019, 2020, 'DCC2214', 57351, 36911, '2024-11-24', 5, 1, 2),
       (578, 2024, 2025, 'JHG9896', 36934, 39017, '2024-11-05', 8, 2, 2),
       (579, 2018, 2019, 'DLT0266', 8908, 65775, '2024-12-17', 7, 2, 2),
       (580, 2019, 2020, 'LNB4215', 31394, 78361, '2024-03-12', 4, 2, 2),
       (581, 2021, 2021, 'SQT8890', 69995, 71254, '2024-03-27', 6, 3, 2),
       (582, 2024, 2024, 'BZO2457', 17060, 87579, '2024-02-17', 7, 5, 2),
       (583, 2020, 2021, 'VQE6471', 7063, 99117, '2025-02-26', 2, 1, 2),
       (584, 2021, 2022, 'BTO9592', 28422, 100426, '2024-06-26', 5, 1, 2),
       (585, 2022, 2023, 'KRU0721', 56743, 48200, '2024-01-14', 10, 4, 2),
       (586, 2022, 2022, 'LTB0546', 55384, 51152, '2023-09-25', 2, 4, 2),
       (587, 2022, 2023, 'PCG2978', 25449, 69950, '2024-03-08', 7, 1, 2),
       (588, 2018, 2019, 'CCY4667', 59112, 67434, '2023-10-01', 7, 2, 2),
       (589, 2019, 2020, 'MQI8199', 63499, 85373, '2024-03-13', 9, 2, 2),
       (590, 2020, 2021, 'FPU2654', 43936, 34619, '2024-10-25', 9, 4, 2),
       (591, 2023, 2024, 'KST8016', 33926, 95257, '2025-01-01', 4, 5, 2),
       (592, 2020, 2021, 'YGN3645', 61541, 119569, '2024-04-15', 4, 3, 2),
       (593, 2018, 2019, 'UBE6662', 66880, 53412, '2024-11-21', 10, 5, 2),
       (594, 2023, 2023, 'XTB3073', 76363, 93013, '2025-01-23', 2, 2, 2),
       (595, 2023, 2024, 'ZRJ9301', 75691, 49581, '2025-01-29', 10, 2, 2),
       (596, 2023, 2024, 'YJX2823', 51805, 39862, '2024-07-11', 10, 5, 2),
       (597, 2019, 2020, 'XOR2683', 10373, 34165, '2024-01-12', 2, 2, 2),
       (598, 2021, 2022, 'OUE0586', 19471, 82232, '2024-09-27', 9, 2, 2),
       (599, 2023, 2024, 'XVD7375', 8596, 44323, '2024-01-23', 1, 1, 2),
       (600, 2024, 2024, 'FAZ1063', 15556, 83597, '2023-09-18', 9, 2, 2),
       (601, 2020, 2021, 'QKW1219', 36528, 119308, '2025-06-07', 3, 3, 3),
       (602, 2019, 2020, 'TGJ8693', 39412, 43942, '2024-09-08', 5, 4, 1),
       (603, 2019, 2019, 'CTA8808', 56891, 40778, '2023-07-31', 3, 4, 1),
       (604, 2020, 2021, 'HCP1530', 61298, 69375, '2023-10-24', 4, 2, 1),
       (605, 2019, 2020, 'SVZ0166', 35026, 40626, '2024-09-28', 5, 3, 1),
       (606, 2019, 2020, 'GJD1268', 68478, 69777, '2025-02-09', 7, 3, 3),
       (607, 2021, 2022, 'OPO9297', 20055, 95294, '2025-04-16', 3, 4, 3),
       (608, 2023, 2023, 'VTV1410', 38790, 82142, '2025-01-21', 6, 2, 1),
       (609, 2018, 2019, 'TAI2037', 58265, 71027, '2023-09-04', 8, 1, 1),
       (610, 2020, 2020, 'XYI1147', 30856, 94651, '2024-06-23', 10, 3, 1),
       (611, 2020, 2021, 'SLZ7135', 14240, 37225, '2024-07-19', 1, 3, 1),
       (612, 2021, 2022, 'NPZ6595', 29080, 69451, '2023-09-02', 7, 5, 3),
       (613, 2024, 2025, 'RTW4978', 32811, 35430, '2023-10-13', 7, 4, 1),
       (614, 2024, 2024, 'LZC5418', 25185, 103935, '2025-02-28', 2, 2, 1),
       (615, 2021, 2021, 'LIR3859', 33755, 63121, '2025-01-13', 4, 4, 1),
       (616, 2019, 2020, 'YPE5845', 65354, 42495, '2023-09-12', 5, 1, 3),
       (617, 2019, 2020, 'NGU7609', 48353, 86481, '2023-12-25', 10, 1, 3),
       (618, 2024, 2025, 'NBJ1493', 57669, 85371, '2024-06-16', 9, 1, 1),
       (619, 2018, 2018, 'RYS1527', 52118, 51775, '2024-12-27', 8, 2, 3),
       (620, 2019, 2020, 'UXW4586', 77566, 114189, '2025-03-21', 8, 1, 1),
       (621, 2024, 2025, 'KCE9815', 5141, 78118, '2023-11-25', 1, 3, 1),
       (622, 2023, 2024, 'CMY0751', 47782, 103280, '2024-12-14', 3, 1, 1),
       (623, 2022, 2023, 'LCZ2910', 18643, 115313, '2025-01-28', 4, 1, 1),
       (624, 2024, 2025, 'EGJ5094', 66953, 102234, '2024-02-18', 2, 1, 3),
       (625, 2020, 2020, 'SPP3895', 60395, 31576, '2024-11-08', 9, 2, 1),
       (626, 2019, 2020, 'WVI9316', 42551, 46632, '2025-07-23', 2, 2, 1),
       (627, 2021, 2022, 'YSN2023', 41304, 64155, '2023-09-27', 7, 3, 1),
       (628, 2019, 2019, 'ZIV0280', 56645, 67616, '2024-02-24', 5, 3, 1),
       (629, 2021, 2022, 'RPN1121', 37770, 64444, '2024-10-01', 4, 2, 3),
       (630, 2022, 2023, 'LXU6766', 28001, 74477, '2024-10-30', 6, 1, 3),
       (631, 2022, 2023, 'BSN4596', 62420, 47599, '2024-03-26', 4, 1, 3),
       (632, 2019, 2020, 'SHF0503', 12379, 105283, '2023-09-30', 9, 2, 3),
       (633, 2021, 2022, 'HDA9009', 6702, 87522, '2023-11-21', 2, 1, 1),
       (634, 2019, 2020, 'HPR8876', 32611, 89703, '2025-02-04', 2, 5, 3),
       (635, 2022, 2023, 'ECW6703', 7161, 34236, '2024-03-23', 6, 2, 1),
       (636, 2019, 2019, 'GOL4836', 74336, 44004, '2025-05-30', 5, 1, 3),
       (637, 2022, 2022, 'HCA6635', 73342, 36186, '2024-01-10', 5, 1, 3),
       (638, 2022, 2023, 'SUW8580', 50044, 101972, '2023-12-20', 8, 2, 1),
       (639, 2024, 2024, 'ZBD9601', 72427, 75896, '2024-02-19', 5, 3, 1),
       (640, 2023, 2024, 'PSX3408', 47793, 94429, '2023-08-23', 8, 2, 3),
       (641, 2024, 2025, 'PWQ6686', 55556, 69321, '2025-04-10', 9, 3, 3),
       (642, 2022, 2023, 'TLJ5762', 57106, 50450, '2025-01-25', 9, 2, 3),
       (643, 2021, 2022, 'QFI5580', 52196, 48761, '2025-04-07', 3, 3, 1),
       (644, 2019, 2020, 'EEG9959', 59171, 31822, '2024-07-14', 2, 2, 3),
       (645, 2023, 2024, 'JEB9913', 31099, 111324, '2023-12-10', 1, 2, 1),
       (646, 2023, 2024, 'XKJ5116', 7581, 58149, '2024-04-07', 5, 5, 1),
       (647, 2023, 2023, 'DCV5221', 14660, 66671, '2024-02-15', 2, 4, 3),
       (648, 2022, 2023, 'UHY7374', 48006, 72398, '2024-12-22', 4, 4, 3),
       (649, 2019, 2020, 'RWN4475', 53963, 42703, '2025-05-03', 9, 5, 1),
       (650, 2021, 2022, 'DCQ3880', 68016, 48362, '2024-12-27', 2, 5, 1);

-- Venda
INSERT INTO Venda (id, data_venda, valor_venda, valor_comissao, carro_id, cliente_id, vendedor_id, status_venda)
VALUES (1, '2025-02-12', 115010, 4361.71, 1, 75, 3, 'FINALIZADA'),
       (2, '2024-10-19', 68379, 2745.9, 2, 72, 1, 'FINALIZADA'),
       (3, '2025-02-28', 104994, 5033.0, 3, 21, 5, 'FINALIZADA'),
       (4, '2025-06-26', 81411, 4246.96, 4, 10, 4, 'FINALIZADA'),
       (5, '2025-01-16', 88120, 3184.95, 5, 96, 5, 'FINALIZADA'),
       (6, '2024-09-30', 39755, 1637.24, 6, 6, 3, 'FINALIZADA'),
       (7, '2024-11-04', 50363, 3136.05, 7, 99, 3, 'FINALIZADA'),
       (8, '2024-11-01', 61869, 3261.48, 8, 49, 5, 'FINALIZADA'),
       (9, '2025-01-19', 71026, 2727.12, 9, 40, 3, 'FINALIZADA'),
       (10, '2024-11-04', 129159, 8699.38, 10, 86, 2, 'FINALIZADA'),
       (11, '2024-11-20', 97321, 3650.1, 11, 73, 5, 'FINALIZADA'),
       (12, '2024-10-26', 116741, 5749.93, 12, 76, 3, 'FINALIZADA'),
       (13, '2024-12-16', 59369, 2767.78, 13, 1, 3, 'FINALIZADA'),
       (14, '2025-01-12', 111174, 6440.04, 14, 68, 5, 'FINALIZADA'),
       (15, '2025-05-10', 66366, 3567.61, 15, 15, 5, 'FINALIZADA'),
       (16, '2025-03-02', 117645, 7745.8, 16, 97, 3, 'FINALIZADA'),
       (17, '2025-04-22', 76698, 3616.08, 17, 50, 4, 'FINALIZADA'),
       (18, '2024-08-19', 73832, 2864.09, 18, 7, 3, 'FINALIZADA'),
       (19, '2025-03-13', 123188, 6287.28, 19, 92, 3, 'FINALIZADA'),
       (20, '2025-04-06', 72512, 4970.0, 20, 57, 4, 'FINALIZADA'),
       (21, '2025-05-16', 74944, 4982.39, 21, 46, 3, 'FINALIZADA'),
       (22, '2025-07-19', 98728, 4194.33, 22, 60, 5, 'FINALIZADA'),
       (23, '2024-10-28', 47871, 3079.03, 23, 4, 1, 'FINALIZADA'),
       (24, '2025-04-27', 68191, 3636.16, 24, 54, 4, 'FINALIZADA'),
       (25, '2025-02-24', 56731, 2222.79, 25, 22, 3, 'FINALIZADA'),
       (26, '2025-04-17', 38594, 2345.46, 26, 52, 5, 'FINALIZADA'),
       (27, '2025-05-11', 88182, 4197.32, 27, 41, 3, 'FINALIZADA');



-- Adicione esta linha para reiniciar o contador de ID após a inserção dos dados iniciais
--Cliente
ALTER TABLE Cliente ALTER COLUMN id RESTART WITH 101;

--Vendedor
ALTER TABLE Vendedor ALTER COLUMN id RESTART WITH 21;

--Carro
ALTER TABLE Carro ALTER COLUMN id RESTART WITH 651;

--Marca
ALTER TABLE marca ALTER COLUMN id RESTART WITH 9;

--Modelo
ALTER TABLE Modelo ALTER COLUMN id RESTART WITH 15;

--Cor
ALTER TABLE Cor ALTER COLUMN id RESTART WITH 11;

--status_carro
ALTER TABLE status_carro ALTER COLUMN id RESTART WITH 7;

--Venda
ALTER TABLE Venda ALTER COLUMN id RESTART WITH 601;